ReviewContent,Label
Nice shopping app,1
Nykaa you guyz are not giving my reward points after referring d person n even after dat person purchased  You guyz just fool innocent people,0
Love it,1
Is cod available,0
Its awesome,1
Lovee this app...the best one,1
I love this app,1
I like the app on products not happy with the price,1
loved it keep it up nykaa,1
Very nice app but plzz apply cash on delivery below 500 rs also,1
Better experince,1
Wonderful,1
Bad application,0
Nice,1
Lovely products! And excellent service Nykaa. Received all the products within 5 days. Keep up the good work,1
Wonderful app love it,1
fantabulous!,1
very easy to order products on nykaa really loved it,1
very much user friendly app,1
Excellent,1
Its really a good app thats why 5 stars and the products are really awesome or I would say mind blowing . You should try this app,1
all products are very good quality nd dispatch any order very fast I'm just saying it is a great app,1
great app for beauty,1
search could be better. more appropriate filters. otherwise nice app.,1
I buy all.the beauty n personal care stuff from nykaa for the entire family,1
Best app to buy makeup,1
awesome,1
Nykaa have good product and when we buy anything they send the thing safety,1
good variety and nice products,1
good one,1
"i am seriously so disgusted with the service. I ordered some products worth Rs 1300 and i have been trying for days to return two of the products, one of which has a hole in the bottle. I have been struggling to get a proper response and approval of my return request. Why do you mention ""Easy return policy"" when you won't even approve a customer's request. I WANT TO RETURN THE PRODUCTS AND GET MY REFUND ASAP!",0
Very nice,1
Good,1
it is a fantastic App for all persons,1
Awesome to shop makeup essentials,1
worst service from nykaa not receiving my paid product and the app as lot of issues,0
Good,0
Good,1
I ordered a few products at discount & most of the products are close to their expiry. All the products on discount are old & it is a complete waste of money.,0
Amazing app with great delivery service!,1
Nice,1
One of the best online store I have came across its been more than a year I m just loving it,1
I loved shopping here....,1
Its good,1
It's a very user-friendly app. I have been using this app from such a long time for buying products.,1
Best app ever,1
I love the app.. the articles on different products help choosing the right one for u,1
amazing!,1
One stop destination for all beauty buys! trusted site with genuine products!,1
good,1
they only show duscounted product but dont sell on that price,0
I love the app,1
Enjoying shopping in nykaa,1
awesome,1
Did,1
"It has been a while since I started using this app, I'm quite satisfied with it up to the date. Didn't hang till, no disruptive adds, wide range of products, easy returns, reasonable price & what more you want Seems like I'm advertising it but u can try it too_atleast once",1
sometimes they provide duplicate product and cheap quality,0
Very good and nice app,1
Have great exciting offers on products loved it,1
Love this app,1
Can get almost everything needed for personal care.,1
Amazing aap... The product is all genuine.. This shopping aap worth our love and I'm loving it.,1
"Nykaa is doin very good job, it's introducing soo many brands under 1 platform wr v can knw much abt d brand and derz too many options, vch I love it.",1
Good job nykaa..bring more affordable brands,1
the best app,1
Brilliant service,1
Love the products,1
suprr,1
its very nice app,1
I like to online shopping from nykaa,1
"Nice offers, recommend",1
Amazing!,1
one of the best app i have ever used thnk uuhhhh so much i loved it... The products are same as shown in the picture.,1
awesome,1
Great app,1
always good,1
V.gud,1
Superb,1
Fast delivery and authentic product's are delivered.,1
Cheap and fast delivery..,1
Very good,1
Best,1
Nice,1
Very Authentic product with reasonable price available here.,1
Tuanku for free gift,1
"Nykaa is totally delivering the fake product to their coustomer when I got the delivery and opened it, it wasn't what I have ordered from them ,I got what a have bought from the local market for 20/- I ordered lashes it was fake and plastic. we trust them for quality and genuine products but I don't think they do this. when you complain about it they straight deny you as if you don't know anything",0
Very nice,1
excellent!,1
perfect,1
nykaa has changed the whole makeup thing altogether for ladies. sometimes i just wonder how i was doing without u.,1
Amazing app! great offers ,1
Awsm app,1
I love this app!!! Ordered stuffs for my birthday ,1
Best place for getting authentic makeup,1
I just love it,1
best app for beauty prduct,1
Awesome,1
"Fast delivery, good quality product..for a girl, Nykaa is bestest",1
Good,1
love to shopping for Nykaa,1
Very good,1
All in one!!,1
Value for money,1
"I am filled with lots of happiness with this app becoz of free shipping for purchase above 500 n it is also having cod,which is also providing quality n original products where we may not get from other apps,trusted app thanks to nykaa",1
A good app to shop cosmetics,1
Awesome experience,1
"I ordered some products which were placed on time & good packaging. Wonderful app selling branded products with great discout. I love it. If I don't have to buy the product, I still spend my time searcing for discounts and new products. I would love to buy more from this in future. Thanks for the service. :)",1
Superb app,1
Good option for cosmetics,1
"It is pathetic now .the delivery agent does not to pick the ph after he called once. Don't buy from nykaa. Now they are not co-operating also.when i chatted they asked me that do i need to talk to their sr, then the operetar said after 6, min that everybody is busy I once said that this app is fabulous even during lockdown i received products on time, but now i am saying dont use this app.A little common sense will tell you that no one returns ftee goods.But i think he did not bother to call me",0
I loved it... Sitting at home you can order what you wish for at the best possible price.,1
i love nykaa. i always get best product and really good discount. best thing is product Dilevery is very fast. i always buy my favourite brand product from nykaa,1
"The service used to be good , recently though the orders that i have been receiving are missing products , yet they show that they have delivered everything . Its like the people packing the order have forgotten how to count . The support system is also very confusing at times , and is not always functioning . The quality of this site has significantly dropped.",0
Good quality and branded products with really good discounts!!!,1
awsome,1
best,1
Nykaa have some awesome deals for me it's just a whole in one place to shop ,1
Worst app ever and worst site ever tried,0
"Good quality products, would like to recommend to all",1
A great app !!!!!,1
Love it,1
my best shopping store nykaa i love my nykaa Shop,1
awsome,1
best cosmetic app,1
Superbbb,1
Love this application and this is my resent addiction,1
very great,1
It keeps loading the photos. I don't have network issue and it does work but can't see the products. Please fix it,0
So cheap app i have order blue colour eyeshadow from C.A.L COSMETIC THEY GAVE ME BRONZE METALLIC COLOUR EYESHADOW OLD PRODUCT WITH NO DOM AND DOE.WHEN I COMPLAINT NO RESPONSE..SO DISGUSTING DON'T PURCHASE ANYTHING FROM NYKAA.. BAD SERVICE NO HELPLINE NUMBER IF U HAVE AND PROBLEM U CAN'T CONTACT THEM THEY WILL CALL BACK AS THEY SAY BUT THEY DON'T CALL YOU AFTER 24 HRS..POOR SERVICE POOR AND CHEAP METHOD CHEATING COSTOMER.,0
amazing,1
Return policy is so phir what i ordered and they delivered another cheap item please don't install this app,0
Nice App,1
Very good..... I love this product,1
"If u miss one call from them during delivery they cancel ur order how rude they r, they won't even call u twice and when we call they won't pick up ..",0
good,1
good product,1
wow,1
I dont know why but i am facing too much buffering problem when i open the app,0
Wow!  THIS APP is really sooooo useful beyond words!  You can see all products with reviews and choose the best.Infact you get to see products you never knew existed . I  had severe hair fall problem and i would like to thank nykaa for making me choose the right products.,1
Nice aap,1
"Good job guyz, i've been using nykka since 3 years and i totally loved it!!",1
Never disappoint from this app,1
I love nykaa,1
Awsome,1
Love Nykaa .... thanks for ur service...I love shopping frm Nykaa,1
Good,1
Terrible app.. the worst customer service ever.. they are fooling customer .I will make sure that everything is shown on social media. They fooled me and are now not willing to help.,0
Awesome app it delivers good quality products in the promising time,1
Fantastic hassle free app a great experience,1
nice,1
Good,1
genuine products,1
Love nykaa,1
very good app,1
it's so easy to get all my favourite beauty products so easily from home!,1
Thank you so much ! I just loved it,1
sooper,1
Very nice,1
Love this app! Amazing offers and variety ! Big thumbs up..,1
Excellent,1
Very cool offers for sale just love it,1
Great deals offered,1
best app for those who care for their inner and outer soul ,1
Love this app excellent,1
Totally love this app 100% genuine No fake products,1
gud,1
It was good shopping in this app!!the prices are low as compared to another apps,1
Loved it,1
Good cosmetic options,1
Very nice app,1
gud,1
All the products that you want ... You'll get it here.. and many more options even. Loving it .. every time the experience gets better and better. Happy,1
Am happy with the experience. I really love for the wide range of products and safe delivery.,1
"Always satisfied with price, quality and smooth purchase from nykaa.",1
This app is perfect place for every skincare products,1
loved shopping on this app till now. best place to get your cosmetics and routine things sorted at amazing prices. Packing and delivering is good too.,1
Awesome,1
great app ......just loved it.....,1
Its amazing..it gives so many options about beauty products,1
very first delivery,1
original brands with amazing discount..my word's are less to describe my love for this app...i just love NYKAA,1
Great....,1
Osm experience,1
Superb,1
It was very good,1
Awesome site for genuine products.,1
Best,1
Love the app. It is amazing with best products and fast delivery,1
Worst service,0
Great App for shopping ,1
Nice,1
good,1
Quality products. Delivery is also very fast. I personally really loved this app and its products.,1
"This app is really amazing to order.loved it lot , the cosmetics products are wonderful",1
"100% original products, on time delivery. Nice discounts, 1 stop application for everything. I just loved It.",1
very good .I love nykaa,1
amazing,1
Good,1
Now it's working better,1
Good quality with reasonal cost compared to shopping Malls,1
nice app,1
I love this app very,1
best forever best,1
love this aap,1
In love with nykaa,1
Awesome,1
Good,1
"Bad experience  I've ordered like one shampoo and conditioner from morocconoil brand bcz another app or shopping app doesn't have this brand but they didn't shipped my order they just cancelled it and I just ordered another s&c in another shopping app and they literally came in one week. So nykka doesn't provide good services and even I've ordered so much stuff from here but they didn't shipped my orders they just cancel them.So I requested to shipped my recent order I hope.also I've ordered organix oil and they delivered me a lipstick which is not my order, I'll never buy anything from nykka again and I'm pretty sure. I hated this app + everything.",0
This app is too good,1
Happy,1
Gooood,0
"This app is awesome, you'll find every make up product which you might not 
found on regular stores, and the best part is shipping is free on the order 
above 500, Love Naykaa..",1
too good for shopping but could add many new things...,1
I am very particular about products that i have to use. Nykaa makes my life easy by keeping them available. just open the app place order and get them soon. just love it.,1
Loved the app and the products are delivered on time and in perfect condition .,1
"Sooo easy to buy the highend top most and also the newest drugstore brands 
from Nykaa. I love it",1
Good,1
Based on all bad reviews,0
Awesome,1
good service,1
Good products,1
loved it,1
Buying your essentials and makeup with 100% brand surety is simple now.,1
Awesome service....brands almost all available,1
Dis is my fav online Cosmetic app ,1
Wowww,1
excellent,1
Love nykaa its really good amazing discounts must download love love love it,1
Good service,1
"Hey all i just want to say is nykaa is like my family we all are so addicted toooooo nykaaa that i have no Words to describe... And the delivery system isss tooo good..jahir the delivery boy who is a great person, he always try to understand our pblms and then delivery the parcel as we are Comfortable... Great app great facility osm service..... And amazing products...",1
Nykaa is my favorite shopping cart.... all my favorite brand is there .... I can trust blindly,1
Amazing app Love it,1
awesome,1
Nice app...,1
"very nice app. fast service, great discount, and original product, really loved it this app.",1
Damnnnn love nykaaaa,1
"Love this app. Great discounts, Very good products and keeps adding new brands which makes it exciting to check out. I love their clothing brands too but I feel that they are too expensive. There should be reasonably priced clothing in plus sizes too. But I love Nykaa and will always be a loyal fan of it. I love the Nykaa Prive member coupons. Thanks Nykaa!",1
Best ever beauty products .,1
Waiting for my first order . Hope products will be great,1
Best app ever... Love it,1
Nice products,1
Loving it..,1
amezing,1
Satisfied,1
its very best,1
Its good,1
Super fast delivery and amazing collections.,1
Now my comment and feedback has been deleted by the team. Well Done Nykaa,0
Good,1
i really like this app to enjoy my shopping thank you nykaa,1
My order was misplaced.. after contacting the customer care i got full refund.. m thankful to nykka for such a quick response..,1
Excellent,1
Very helpful app...,1
i loved this app it is very good for cosmatic its gave u one to three months old manufatcher product.u can get any cosmatic product here.i really loved this app if u are thinking to order any cosmatic product which you are not geting in market you will get in this app please download it.,1
Good,1
genuine & original products.,1
Wow,1
super,1
Gamuts of products available,1
best rates in nykaa sale,1
This is the best app for purchasing cosmetics..i just love the app and recommend every one to use the app,1
Good,1
The delivery of product were very bad it was my first experience at nykaa but daily it say tomorrow but no agent called me I also paid by online,0
I have downloaded app and created a new account as there was offer for 1st time buyer and free shipping however I am not able to get free shipping as well as 10% off . Whenever i apply coupon code it says this isn't for you. Could you please help me out with this,0
"Simply woww price, delivery just loved it",1
Loving,1
Amazing,1
Very good,1
loving it,1
I'll see the product first,1
This app is really amazing Verified products at good offers.. Just loved it,1
very Good,1
"In short,the best app for cosmetics. loving it",1
Nykaa App is very easy to use. No challenges at all,1
Get all your favorite makeup products at one place....,1
I love nykaa services...... Delivery is also in time...,1
Worst app ever. I ordered few products and didn't get the delivery. The order was prepaid. The order status showed that the product has been already delivered. Tried to contact customer support but they are not cooperative. Didn't get any positive response till now.,0
Superb for cosmetics.,1
Comfortable,1
good products,1
I've been an user for a long time and the app is really no trouble. Nykaa itself has a wide range of products and there are a lot of offers.,1
Products was good,1
super,1
I use nykaa app....all product original...timely recived delivery....more discount all product,1
Excellent,1
Very disappointed with Nykaa's customer service. I've received damaged products from Nykaa three times and return experience is a true hassle and is not simple with them requesting for multiple photos of damaged products and you having to chase customer care multiple times for the return to be processed and followed up.,0
It's very helpful in guiding you about the products and it's review. Also offers original products at minimum rate. Enjoyed my experience with nykaa and wish to continue it.,1
Very Nice App!,1
Great products & ranges. Thanks to nykaa,1
Used to be my fav app since a long time but off late it has been crashing like hell.. I can't even browse through the site for 5 mins at a stretch and it crashes abruptly... Have to wait and restart like a zillion times in order to complete the purchase... Totally disappointed...,0
Fabulous,1
Great app got lots of stuff not available locally,1
Amazing,1
Nice products n offer available,1
I just love nykaa,1
My go-to online store for everything...very fast delivery n reasonable rates,1
love to shopping with nykaa,1
love it,1
Good,1
Very bad app,0
It is a good aap,1
Gooood,1
loved it,1
good experience with nykaa,1
excellent,1
"I used to love this app, but my last purchase changed my view towards NYKAA. I had ordered for 5 items and got only 3 instead. I had paid for all 5 products so I expected 5. I also issued a complaint in customer support 2 times to either make a refund or send the 2 items but there is no response on their side. VERY ANNOYING!!! HATE THIS APP.",0
good,1
Awsm,1
very nice app,1
i love this app.. authentic products,1
Amazing,1
Super hit 143 nykaa,1
Nykaa app was all that was needed. Their products are the best and they have amazing deals.Download the app and grab on all their amazing products.,1
"They have worst return policy, if u received damage or wrong product. They didnt change or return or refund after many proofs.i will not suggest buy anything from here.",0
Always get discounts on products..totally loved it,1
V good,1
its awesome app.,1
Nice experience,1
Love it...,1
I used to like nykaa but now they have completely screwed up my order.Tired of dealing wid irresponsible unhelpful customer care. Better not to shop from here,0
Amazing products,1
Best app,1
Very good,1
lovely products,1
easy display easy payment method,1
ossum products,1
love it,1
its just awsm . one stop for all beauty needs .,1
Want to ask a question.. people said that nykaa sells old or fake products..is this true? I m a regular customer but i m afraid. Plz clear my doubts,1
nice app,1
Best cosmetics app,1
Awesome,1
Nice app forever,1
Nice App,1
Its a cheat app they take money but they dont really deliver items. They show its delivered but its not,0
loving it,1
Nykaa is totally awesome ! I'm loving it,1
Great,1
"Recently I had a very bad experience with Nykaa, the product which was delivered to me was not what I had ordered and inspite of getting in touch with them several times ,they have done nothing about it. In fact I have already made a payment for the product ordered which is much more than the wrong product delivered to me. I am feeling very cheated. I would advise not to use this app since they do not bother about what is being delivered or about responding or even having the wrong product exchanged!!!! BAD EXPERIENCE!!",0
Awesome,1
Gazabb,1
Available original product i like it,1
Love to shop through Nykaa. Really convenient.,1
the products are amazing and the delivery is quiet quick plus the offers had me every time I opened the app. korean skincare lovers must use it ,1
Amazing,1
"there is nothing wrong with their beauty products but their other services are pathetic. 1.the delivery guy doesn't even call or send message before delivering the product. 2.we know that in some places your delivery guy is not allowed to enter but atleast they can come till the gate of the area, they just send message that my address is ineligible for delivering the products. my friends are also having this kind of problem, i reported but they don't even care about their customers.",0
i loved it ,1
Good and orginal product,1
it's nice and helpful,1
Nykaa is love,1
Love you nykaa,1
Pathetic customer service experience. Doesn't listen to the issue and give baseless excuses.,0
best offers...,1
one of the worst service. no customer support team responds to our mails . worst worst exp . please people close d site,0
"I purchased a Maybelline new york eyestudio gel eyeliner by nykaa and when i received the product, it's totally fake product. Not expected from Nykaa. When they assure to sell 100 % genuine products so they are telling lie",1
Delivery is too late!! Its been 15 days i oredered and i not getting my parcel yet!! Its disgusting. I am never gonnar order anything on this site,0
Awesome products. Thanks to Nykaa team.,1
Really nice app genuine products I love it,1
Very nice app I am truly satisfied,1
Good,1
Fabulous,1
this app is very very nice for purchase makeup and more,1
Awesome,1
I'm very happy with your product ,1
Good app,1
Variety of branded original products to choose from. There are good offers too,1
awesome deals n smooth functioning,1
I dont get my refund it's 10th day till now I provide all info but u guys are not satisfied with this.. It's a huge amount and I can't neglect this. Just refund my money otherwise I'll file a complaint against u solve ur issue's with ur own... I'm not going to bank daily... It's your fault so resolve it,0
Amazing amazing!,1
Gud,1
I love Nykaa it never disappoint!!,1
One solution for all problem.. thanks NYKAA,1
Love shopping with Nyka,1
Nice app loved it,1
Very nice app I love to do shopping from Nykaa . The rate of the products is also less as compared to other apps,1
Great experience,1
Good service ..i love this app,1
Good very good app,1
loved it,1
I love nykaa from d very 1st day...it sells original products..no need to go 4 shops..deals nd offers are also good..moreover..i found it very convenient...coz COD is available only abouve 500 rs..its very helpful 4 those who cant buy expensive products..love u soo much nykaa,1
Great,1
Awesome,1
Love purchasing each and every product from nykaa!,1
"Nicest app for skin care, makeup products even for body dew mists and all. The best part for everything is that this entire thing gives you the original products and it's so beautiful. I loved using nykaa",1
‚ò∫Ô∏è,1
Really 100% original product with lots of offers....love it,1
Love this app,1
Perfect app for beauty products,1
Best beauty products app,1
Worst App. Very poor delivery.,0
best app...,1
I jzt love this app,1
You can't cancel your order once it placed even can't change the shipment address,0
Awesome,1
Best,1
Great App,1
Nice experience,1
love this,1
Cash on delivery not available,0
very good app,1
I like it ...,1
range of products is wide and quality is very satisfactory,1
Best app for all the girly products....I am in love with you Nykaaa,1
Awesome,1
It's nice very helpful I lv this...,1
It's good it serves the customer no matter in what situation best app ever much appreciated,1
Nice,1
Super,1
Classy,1
I love nykaa,1
Good experience. Can find any product immediately,1
it's great,1
i love naykaa 100%orignal,1
Good,0
Nykaa is a very good app. It also works properly without hanging. Also saves our time,1
good,1
It's really very nice apps.. I just love this apps..,1
Coupon code also must have,1
nice,1
very good,1
DO NOT GIVE YOUR DELIVERIES TO BLUDART. I request you to stop giving deliveries to bludart. They never deliver on time. They lie about not being able to reach while in reality they don't even attempt to deliver. The app itself is quite good if not being delivered by BLUDART. My order is 5 days late because it was being delivered by them. I will change my ratings as soon as this issue resolves. And I will not get anything from here if I keep receiving late stuff from bludart like this.,0
offer r nice,1
I've always had the best experience shopping with nykaa. Very user friendly,1
THE BEST,1
Excellent,1
Loved it,1
i love nykaa products,1
Gud,1
best online cosmetic app and the real products I love shop to nykaa I suggest to all makeup lovers,1
The best beauty app uptil now.,1
Awesome app..genuine products..on time delivery,1
Products are very good just love them,1
This is awesome app for shopping,1
it's very good. im just happy ,1
Awesome i love this,1
Update has spilled it... Can't check my order details,0
very good apps,1
I love to buy cosmetic product by nykaa because Nykaa productr very good ... Keep it on Nykaa...,1
Good app for cosmetic products and skincare products,1
Super,1
Lovely,1
This is the best app ever I loved it n so helpfull,1
Superb,1
i like nyka's genuine.. it is always my trustworthy app,1
Love this aap,1
"The products are authentic, delivery is fast. Slowly becoming more environment conscious... Would appreciate lesser use of bubble wrap, plastic covers etc.",1
It's a good aap.,1
Best product with fast delivery.,1
"App is well designed, product are well placed and clearly explained. Payment checkout was very seamless.",1
"I've been using nykaa since forever to buy any products . Never disappointed with anything, not even with delivery love it .",1
Great app,1
Very nyc.......,1
"Absolutely love the flawless experience provided by nykaa. Genuine products, So super convinient and fast. One doesn't need to step out now, and the frequent discounts with fast delivery and combos are the cherry on top of the cake! Love it.",1
Wonderful app,1
Worst customer service,0
If you order from this app.. They didn't deliver the product and at the end of the day u will only gonna receive msgs tht order not get delvrd bcz consignee ws nt available . So plz don't go for this app. Only time waste app,0
Love it!,1
i loved nykaa 100 percent orijional products,1
I love this app thank you Nykaa,1
"superb, all the product were good n where cheap in lost...",1
Best..shopping app,1
Good app n all genuine product,1
Loved it,1
Awesome place to shop,1
I loved it so useful and I have a great time to say that this isn't amazing,1
Great App. Thanks.,1
Great,1
Amazing,1
very good Application,1
Best app!! Just lived it!!,1
Superb.,1
Just wowww,1
it really has some great offers.. I love it,1
Nice,1
Best app for shopping cosmetics and beauty products. Just love the quality of their products. Hope to purchase soon.. Love it.,1
amazing experience,1
Nykaa is my best friend. When I scroll through the home page even my hardest of days brightens up.,1
love the collection. App is a lot user friendly. easy to shop and choose products. the try it on feature is a bliss. just that it doesn't work on the products in cart. but overall awesome app,1
Great experience more Discounts will be appreciated,1
loved it.....providing best services,1
Best shopping app,1
Good,1
Nykaa is the best,1
very nice,1
Co-operate very well to the customer...,1
Its awesome and it has lots of offers available,1
genuine products,1
Receive my parcel very good quality happy with the product got my parcel very fast ,1
A very good app,1
I just love this app..love you Nykaa..,1
Best shopping,1
Loved,1
I luv this app. It's always a pleasure and convenience in using it,1
Excellent job keep it up!,1
It's awesome,1
"I love shopping from nykaa, it's very much convenient, but please expand the nykaa services outside India also",1
"It's a great App, has more variety of products and easy to use.. Almost always a discount...And oh did i mention, i get orders delivered within 48hrs!",1
Great experience... I love it,1
Good,1
Wonderful app. Totally in love with it!!,1
Nice collection of products and nice packaging,1
Good products,1
best experience,1
Great and trusted app for all your essential needs.,1
amazed,1
Good,1
I ordered a product before lockdown and even after 2 months from order i have not got my order which is ok. But now i want to cancle my order bcz i have bought the same thing from market. But nykaa customer care is saying they can not cancle my order due to lockdown which is not a good thing. Its my freedom to cancle my order.,0
worst app ever can't evn deliver a small product as i ordered on 29th and it was returned without my consent.. and not refunding the amount too.. worst disgusting app,0
Recommended app for personal care,1
Good but expensive,1
very goood.. app,1
nice,1
Very good app...systems are very organized...really love it...thank u...,1
Worst experience,0
Loved it,1
it is really amazing will get ur order in less than 3 days,1
loving this aap,1
"Good, fast & efficient!",1
wonderful app,1
Great Experience with nykaa..,1
Love nykaa,1
Nykaa is awesome ...,1
Useful and worth buying good products ... really I love it,1
Very good apps,1
Good,1
Love Nykka cause they have such great offers on products,1
Wow,1
it feels good,1
great!,1
Amazing app for beauty and cosmetics,1
A good place for makeup lovers.,1
Love shopping,1
100% best app for cosmetic,1
Nice,1
nice,1
fentastic,1
Very nice and affordable products,1
Good,1
"Oh my God what a great packaging, too secure, and such great deals specially small size products that i never get on any other store, for small size products with discount, hats off to u",1
very good,1
Its good the delivery is always on time and the products are nice,1
Good product with best price,1
I like this app..provides diffrent variety to choose and fast delivery.,1
Loved it . Easy ordering. Fast order delivery. Recommend to all,1
Awsm,1
Easy to use platform. All major foreign brands also available,1
All products are totally fake here that's why it's so cheap worthless Nykaa,0
good work nykaa keep rocking,1
Authentic products,1
Amazing experience love this app,1
Nice,1
"App experience is good, & moreover their products are Goooood",1
Best beauty station for us,1
wonderful app for females...,1
good,1
Genuine products and great deals :) Thank you for quick deliveries all the times & that we don't have to work if the products ordered are fake ..,1
"very authentic, wide variety and fast delivery system",1
20 errors occurred in 1 week continuously buffering and the app is working really slow ,0
For me Shopping on Nykaa is an Excellent experience. I enjoyed it a lot. Lovely products also. loads of thanks to you,1
Good,1
Great range of products. Super fast delivery!,1
it is so easy to shop your fav look good products from nykaa....payment is not only easy but they always have so much to offer. love with nykaa.,1
the products are amazing and at a reasonable price...loved the shopping experience,1
One stop where u can buy variety of skin care products and including our daily essentials makeup things.,1
This app is a blessing in disguise,1
good,1
Nice app..Most of the beauty products are available,1
"Fast delivery, genuine products, happy",1
Love it..best app for cosmetics.. original products,1
Amazing they actually deliver your order on time and the products are great too,1
I love Nykaa,1
Very useful app,1
awesome,1
gud,1
Amazing and handy.,1
Superbbbbbb app love it,1
just amazing.....,1
Good,1
Excellent,1
Good products  with good offers . Hope more offers will available further ,1
Worst online shopping ever. I ignored some negative reviews and gave an attempt to shop. But they game me disappointment only. Customer service is the worst to the core.. Nykaa go and learn from flipkart. They will teach you how to deliver and response to a customer. BTW they is no option to give zero star thats why iam giving one,0
totally loved it...this app is very useful to everyone...quality n delivery is awesome...on time delivery,1
Nykaa is my go to app when it comes to cosmetics and beauty products. The products at Nykaa are absolutely genuine and there are always some amazing offers going on. You can select from a wide variety of brands & products. It offers drugstore products as well as luxe brand products all with great offers. I really enjoy shopping at Nykaa & would recommend it to others as well.,1
Superb ur products are. Delivery also quick and superb packaging. But onething is there are no offers given for products compare than purple products.,1
Great experience shopping with Nykaa.. Amazing collections.,1
I am just Loving Nykaa. All the Products are veryy good plus the offers and Prices are too good.,1
its good to buy something,1
in love with this app,1
Very bad experience. Not recommended for anyone to buy from it. No help is provided.,0
M too hppy to shop wid nyka,1
Awesome discounts and deals,1
Good app,1
Good,1
It's so convinient,1
good,1
Happy with Nykaa,1
I'm jst love to shopping from nykaa...such a great shopping app...,1
Good product and fast services. I like it.,1
loved it,1
worst experience i have given my order before 10 they said it will come till 16 bt still i m waiting,0
On Tym delivery.... Packaging was too gud.... Juz love to shop with u guys... Customer service is excellent.... Love u nykaaaa ,1
Bestest,1
Love this app 100% original products,1
This app is easy to use n provide us new offer.,1
I like this site,1
love this app,1
Good,1
lovely app,1
Awesome service,1
Authentic products available on Nykaa...... pls have sales and offers more frequently..... love the App,1
"After being such a big platform nykaa fail to do justice with their employees and small content creators who are collaborating with them, its more of a barter system. Employees are judged for their financial condition, mental health and what not. Have often received expired freebies from them.",0
Love it,1
Timely delivery and genuine products..!!..,1
Love it!,1
Very good app for shopping,1
it's just spectacular,1
Good,1
"Nykaa is one of the most pathetic company / website , they do not exchange or return or refund for the product... like other companies or website do ...if the quality of the product is not good then their is not option to change, but keep it with you .... . pls don't buy anything from here.",0
Nice,1
Nice,1
"Worst service If there is any option for no star I will give them..the service they provided to customer is worst..they don't deliver items in time also refund policy is too slow.and for the refund you have to call customer care service many times.every time they said within 24 hrs your refund will initiate, but after 8 days I don't have get my refunds..",0
"Great Experience, Fast delivery, awesome discounts , Genuine product... Thanks Nykaa",1
Its is amazine.... My all time fvrt sopping app its realy good app the prduct was amazing nd orginal.. I love to sopping hare.,1
Love the appm Super fast delivery and amazing products.,1
Love to shop in nyka,1
Very nice app as well as good payment options and they have safe non contact delivery loving this app,1
The best,1
The products good n genuine. But only one suggestion nykaa has to work on their return policy. I tried to return on one lipstick which damaged on receipt. But response from the team n it was never returned,1
best app for evrything u purchased,1
This app is just great! For some apps they may sometimes delivery fake products but in that thing we can trust nykaa blindly.,1
wonderful,1
Nice app. More discounts on cosmetics than other apps. Happy with this app,1
Wonderfull,1
Till now no issues,1
such a beautiful shoping,1
girlssss must go on,1
"I had ordered a product recently and it turned out to be a damaged product. Unfortunately I wasn't around to open the package untill today and I found it that way. When I tried to raise concerns, neither nykka could provide me a solution nor I could navigate to the product to write a review. I have been a customer to nykka since a long long time and keeps on purchasing zillion products, why would I raise a concern so petty if it wasn't genuine? Extremely disappointed!",0
Nykaa is love ,1
awesome,1
Anything that I desire in Cosmetics I can definitely find on nykaa great variety amazing deals and time saving i love nykaa ,1
my friends recommended the app and I really love it,1
Awesome,1
Mind blowing,1
It has quite an easy access,1
Always purchase my make-up stuff from here only,1
Very nice shopping app,1
shopping made easy thru nykaa,1
awesome products,1
Awsm,1
"Loved the app , the delivery experience, the products,the offers ... everything is too good...!!!",1
Very nc,1
It's a beautiful & easy to use app specially for me,1
Fantastic .....the products are such  good which goes beyond words to explain...,1
Best Shopping App,1
It's good,1
Best app for shopping with good offers,1
Very good Beauty shopping app; keep lots of different brands including some good indian skincare brands. They have tied up with international brands as well which help us to get hands on amazing international makeup products. They made life soo easy ,1
Perfect app to shop beauty products,1
good app we can trust on this app,1
I absolutely love this app... It's having wide collections of beauty and care products... All products which showing is 100 percent genuine .. and their delivery is always accurate it's never comes late... And now a days I prefer to order my cosmetics in nykaa only... I luv shopping with Nykaa.. Thank soo much for the Amazing app team Nykaa ,1
awesome app do download and be gorgeous,1
Best products ,1
Amazing,1
superb,1
the best online beauty shopping i just love it,1
best products. love to order,1
It's such a beautiful app. Loving it.,1
I dont know wht happened but my nykaa app is not working properly . I uninstall n install teice but still its not working . Plz improve it.,0
Good experience,1
Pathetic services offered. Their agenda has been fulfilled now and they don't care about customer support anymore.,0
download. much better than the website,1
Hi guys i've used this app through decades and I have litterally never faced any problem I love using this app so yeah make sure you download it cause it really saves time as well as money,1
I got the items in time and all were in gd conditions. Thank u,1
Its adorable and affordable,1
Nice,0
Great,1
Good,1
Good app just love it whatever I need I can get it from here I don't even need to go to any markets,1
its nice really products are awsome,1
I've received a damaged airpods today they are not having any return policy,0
Guddd....hapy wid naykaa Love it,1
good,1
One stop online shop for all your need ,1
Great experience,1
I love Nykaa,1
awesome app .,1
It's always great,1
I think the products are original and satisfactory.,1
Experience is good,1
I am really dissapointed with your services .. I ordered 6 packages with more than 10 products.. received only 3 and rest status is showing as lost in post .. Not reliable at all .. i am still not even sure what will happen with my refund as i have used my hard earned vouchers to buy those products . Pathetic ..,0
Thanks to nykaa for dealing with authentic products..,1
good,1
1st time I'm shopping this site.... I loved it ,1
Best app for ever,1
Love the products,1
Good product and service,1
It's perfect,1
Very good service,1
Please proceed cod at 797112 also,0
Genuine products,1
Just live it,0
Love nykaa I have no words m speechless,1
Niceeeee,1
Toooooo good,1
I luv u nyka,1
I really luvvit,1
The Best place for cosmetic shopping. They always always keep their customers their priority.,1
Soo good,1
Always happy with this ,1
it's awesome!,1
I just love it. It always gives amazing offers,1
Nice app all products are available in ou budget,1
I love this app,1
"I have complaint against your delivery partner, Blue Dart.",0
Good E line shopping website giving good quality products,1
very bad,0
good,1
Super exciting love to shop at nykaa,1
superbb app,1
nice app,1
Good,1
Loved it,1
great,1
I stick to my words that the quality of products Nykaa provides is just ,1
"very good and nice, v",1
"I love all the cosmetics .. and its very easy to order here.. love you 
Nykaa",1
Okk,1
loved the app..,1
loved it,1
Best beauty app,1
I love Nykaa!,1
Loved it,1
i always prefer to shop from nykaa becoz they give us genuine products i luv that very trustworthy app for shoping,1
its an amazing experience to buy frm nykaa coz i gt frm the cheapest to the costliest products under one roof n the best part is u gt all the brands.,1
awesome,1
Nice app I live it,1
Great App,1
Quick and easy,1
one of the best app,1
Always a great app for me. Must say great job team Nykaa. ,1
Why would Google suggest this app even when the products are not available on app,0
Amazing,1
I just love nykaa...it sums up all...who loves to take care of themselves (skincare) turns to nykaa..the best offers...the best products...the best customer service...what else more do u expect??? Simply awesome...,1
I love it,1
I loved this app a lot,1
Very good products,1
great service,1
awesome,1
I love buying my cosmetics on tis app. Very safe n genuine.,1
Since installation...it shows error message...not fair,0
Tooo easyyy tooo use....Sch an amazing app....awesomeee,1
Loving it ,1
Loved shopping at nyka.,1
Happy,1
Good,1
Amazing app!!,1
Nice,1
Nice,1
incredible,1
I love makeup. I love nykaa,1
Lovely app,1
Amazing app. love Nykaa,1
Good,1
"i think nowadays a single women would not have experienced naykaa is impossible .. because if you initiated a relation with this app then it would be foverever your favourite ones on and most used app ......love the quality, service and easy to find any of your favourite products.....lots of love and wishes to nykaa services .......thank u",1
Get items at good discount,1
nykaa aap is so good,1
Amazing collection and offers.,1
Worst packaging and bad delivery service,0
Loveee nykaa,1
too pricy,0
"Nykaa makes all the beauty products easily available for customers to choose from. Hence fulfills my skincare needs without having to go out of my house .With useful reviews under each product and fast delivery, Nykaa never disappoints me ",1
Nice app for purchasing branded products,1
"Very bad customer service, my order is delayed and when i call them they tell they cannot assure when it will be delivered!!",0
nice App variety of cosmetics are available,1
Nice,1
Awesome,1
Very good experience,1
Naic,1
Totally enjoy shopping on nykaa...the best part is its wide range of selection. 10/10,1
Awesome app,1
Great service..They have the best quality products at good deal..,1
it's good!,1
Beauty under one roof :-),1
Pathetic App and worst customer service...my reverse pickup is still pending even after 8 days of scheduling it. I am calling customer service on daily basis and every day I am getting the same response. I wouldn't recommend this app to anybody. My 2000Rs is gone now...and I don't know whether they bother for feedbacks. There is no response over the mail and call. I am stuck. Pls download this app after reading the reveiws.,0
Love it,1
Best app for beauty products,1
Genuine products,1
"One stop destination for skin, hair & beauty needs. Being a prive customer, I feel a little extra special each time I order, also Nykka sends birthday gift if you are ordering in your birthday month, that's a really sweet gesture, Love you Nykka, kudos to the team behind it.",1
Super,1
Good,1
Not happy with the service,0
No COD below 700,0
This app is not opening and Amazon and Flipkart is far better than this one,0
nice ,1
Amazing app Good offers and range of beauty products,1
supbbbb i love it,1
great app,1
i love naykaa,1
"I have returned a necklace, as i had recd broken. After pick up of more than 7 days, i still not get refund amount. Order details attached. This was my first order and its showing last. Very bad service",0
Nykaa is my favourite because of its end of the reason sale,1
Loved it,1
Costumer care are not reposible,0
best,1
Again troubled in return. For a single return I have to make them 3 calls with 2 mails but no satisfactory reply. Return not approved. Their return policy and services is worst . On the top of that if u have made payment through your bank account but after returning an item they return your money in nykaa wallet so. Worst service. Highly disappointed. Please no one will use this site . Noo my issue is not yet resolved. refund amount is in nykaa account instead of in the account from which payment,0
I so love this app.,1
Best offers ever,1
Wowsome,1
"Easy navigation, nice UI",1
"Easy to handle, more options Reasonable price of items,, love it.",1
Very good,1
Love u nykka..,1
Nykaa have never disappointed me with the product,1
Best,1
Awesome products in one place! No need to go outside and buy from various stores. The discounts are amazing! This app is worth it,1
I have been using since 2019.but always got fake products. No return possible. Horrible experience....,0
Vry fast delivery,1
This app is very good for me all brands and products are available here with worth price I loved it thanks nykaa,1
super,1
wonderful experience,1
It's the best place to buy all your personal care items in best prices.. love this app!,1
Nice shopping experience,1
"Bad Experience!! Slow service and slow delivery. Since it was my first order, I thought that the products that I've ordered would be delivered by the expected date but they extended upto 4 days from the delivery date.",0
Just good n keep it up,1
Good app,1
"F**g app , I lost my money . I need my money back or else I will file a case against your company",0
Good,1
"Best for cosmetics .Assured,legid &authentic international makeup products . But some great brands are still not in available please try to get them and with less variance ! Eg- elf (way too costly as compared to its quailty)‚ù§üòç‚ù§",1
Love Nyka,1
Love the offers and original products,1
"Best for all ur skin care, hair care & makeup products.",1
i love you nykaa,1
It's good,1
Good,1
excellent,1
This apps customer service is reallyy veryyyy poooorrr,0
Super,1
It's,1
always end up buying something ,1
Nice,1
love it!!,1
I love the packing,1
Good,1
owsome,1
Please don't give advance payment. Delivering service is very poor. It's a fraud app. Don't buy anything.,0
awesome,1
all products are too gd,1
It's been a wonderful experience shopping with Nykaa. Besides good quality products it's amazing when you receive surprise gifts too. Love you Nykaa.,1
Hii i hve complaint against nykaa u take much amonut according to print i want my refund n return the product 1st time this happens,1
Good,1
"Nyman is always the go to place for my beauty n hygiene products.. it always have offer n saves money when compared to going to shop n buying,. I have referred Nykaa to my friends..",1
Amazing app for genuine product I just love it,1
Good app. Gets best offers,1
good,1
I love shopping in Nykaa rather than to go market. It provides variety of good products with good discount. Love you Nykaa.,1
Good 0,1
worst beauty app ever. they dont deliver your pre paid orders and just eat away your money. do not order from nykaa. i ve never had such a bad experience with any other beauty app. and their customer service sucks big time.,0
amazing app... i js love it.,1
Worst experience with nykaa literally you make people fool first of all you told that the area where I have ordered due to restriction you can't deliver there change the address then I have changed the address but still not get my parcel .,0
l love nykaa app,1
All beauty solutions,1
Only and only 1 word to describe - Just loved it.... Love to Nykaa,1
Enjoying nykaa each and every day,1
Very good service,1
What I like about this App is that I get any product that I search for. I get authentic products with a wide range of options,1
Amazing,1
"service is very good,loved it",1
love it,1
love it,1
Superb nice,1
My go to app for skincare & makeup essentials.,1
Reliable,1
Nice app,1
Awesome ,1
So pathetic.The chat assistants are far worse...you ask them to do something specific and they will do the exact opposite ...I'm uninstalling and he assured never buying from nykaa again after the horrid service and customer support,0
Very nice,1
thanks nice website,1
good,1
Pathetic service I ordered a nykd bra(a brand of nykaa itself) but the size didn't fit well.. i raised the return request.. but they have not approved it even after 4 days. I am continuously calling customer care and they are saying your request is under process. I have not got any resolution yet. I would suggest everyone to buy the things from Myntra or Amazon. They have far better service.,0
"nykaa is my trusted place for all beauty products. So far I am really happy with the products and services. I even love the gift nykaa gave me on my birth month. Thank you, Nykaa.",1
Awesome for all beauties,1
The app is simply too slow. You lose interest in ordering anything because it does not cooperate with you.,0
In love with nykaa,1
worst customer support.. hv an prepaid order but they didn't deliver the product till now its been more than 15 days... every time I call them they told me that it gonna delever in 24 hrs still didn't get my order..never go for prepaid they are not trust worthy at all...,0
Superb as of now! ,1
Nice,1
I just love the nykaa app....original product...with sealed packing. I simply love it.,1
Good,1
Awesome,1
"I ordered a combo of Neutrogena cleanser, moisturizer and sunscreen worth rs 690. Instead of 3 products I got only 2. very disappointed with it.never going to shop again",0
Authentic products at friendly prices..love the app,1
Loving this app very fast delivery and very happy with this app,1
"Love this app....huge collection of various brands and products along with 
the latest launches..",1
Sonu love,1
Liked it,1
Good,1
"Good, quality of products is awesome.",1
I alwys love the offers n products.. nykaa is love ,1
Poor delivery service,1
mind blowing awesome,1
I love shopping from Nykaa,1
Fab!!!,1
Prompt service and quality products delivered at your doorstep,1
prompt delivery of quality products. return process is lethargic though,1
great,1
Good product,1
Ncy products and gud to shop online,1
I love nykaa ,1
Great app,1
very helpful,1
Good,1
good,1
Awesome response very creative looks and very nice products available,1
Great offers!,1
authentic products. No fake stuff. on time delivery.,1
enjoy  shopping at good discount,1
Great deals and genuine products,1
Amazing experience and very good service.Products reach on time,1
Best,1
I love nykaa app because that product packaging really good and original products I recommend shop now this app,1
Love Nykaa Have wonderfull offers,1
Wonderful,1
great,1
I love this app ,1
awesome,1
I am in love with nykaa Soooo goooddd,1
Best app for buying cosmetics,1
Nice This App,1
Nykaa best indya skin care product,1
fantabulous,1
good,1
Nice,1
Love nykaa,1
I just received my package today. The service great. I'm really pleased. ,1
Good,1
Just love this app.,1
Kitu,0
Loved the products and its user friendly service,1
good app for beauty products,1
Best app for online cosmetic shopping Provide best offers,1
good products on good price,1
quite happy and satisfied,1
good deals and quick delivery,1
very useful,1
overall good,1
"Nykaa is such a relief fir anything that's not handy or not available any cosmetics u require, well binge on to NYKAA Love it.",1
best,1
Allows online purchase so easy... nd genuine delivery of products,1
Products worth the money App is very user friendly,1
It is a worst app and gives a fake product by showing the brand name. Please check before ordering any product from Nykaa.,0
good,1
Wonderful,1
Awesome products with amazing deals,1
Original products,1
Amazing experience,1
Best beauty App love it ,1
I love this product  app i love it,1
Best best best,1
Osm,1
Hassle free shopping Best place to guy genuine cosmetics at an affordable price,1
Worst app ever. They took my money bt didn't deliver my order. Jst gv me my money back.,0
Awesome aap n satisfy all my needs,1
Awesome products..just love it,1
Good,1
Nice orgnal prodak,1
Nyc havd a great experience,1
genuine products are offered and fast delivery,1
It is a good app,1
Serving with c wide range of cosmetic and beauty products .,1
awesome,1
I feel great to order on this app,1
Bad app I bought four things first time from naykaa but delivery has failed I am very disappointed with naykaa,0
good app it would be better if return options are available for all the products anyway I love Nykaa and the app,1
good app it would be better if return options are available for all the products anyway I love Nykaa and the app,1
Best Platform for makeup lovers,1
Excellent,1
superb app i loved this thank you nykaa,1
nice,1
Original products nd free ship with best offer,1
gud experience witb nykaa,1
satisfied with the products,1
Gud,1
Nice,1
Love the app ,1
Love Nykaa,1
It's very amazing and good and there product is very very very nice,1
I Think Its a wonderful App  We Can Buy All Original Branded Products over here,1
awesome,1
Great App,1
Excellent,1
Mine experience is always good..thanku nykaa for delivering quality products.,1
Love it,1
"Pathetic customer service. Late delivery. Pay only when product is delivered, otherwise you have to run for your product delivery, forget about the refund.",0
love,1
I love it awesome,1
Love it,1
Great,1
I like this app very much,1
"Quality, pricing and delivery on point.",1
Very bad elections... im very disappointed with this app,0
great app..all original branded products.,1
Never on time totally hate it Your customers are more important and their time,0
in my city all the cosmetics are not available... so I am regular customer of nykaa,1
good,1